City_ID,City,Country,Date,Lat,Lng,Max Temp,Humidity,Clouds,Wind Speed
0,Punta Arenas,CL,2022-02-04 01:30:50,-53.15,-70.9167,46.51,57,75,10.36
1,Westport,US,2022-02-04 01:31:06,41.1415,-73.3579,48.16,96,100,3.0
2,Bainbridge,US,2022-02-04 01:34:37,47.6262,-122.5212,49.28,87,100,1.99
3,Terrace Bay,CA,2022-02-04 01:34:37,48.7834,-87.1,-11.58,90,21,5.5
4,Vaini,TO,2022-02-04 01:32:26,-21.2,-175.2,86.16,79,75,11.5
5,Cape Town,ZA,2022-02-04 01:33:13,-33.9258,18.4232,62.28,64,20,3.0
6,Jiwani,PK,2022-02-04 01:34:38,25.05,61.7417,69.13,45,0,7.31
7,Aswan,EG,2022-02-04 01:34:38,24.0934,32.907,53.13,35,0,8.66
8,Berbera,SO,2022-02-04 01:34:39,10.4396,45.0143,72.52,68,0,3.15
9,Ushuaia,AR,2022-02-04 01:30:15,-54.8,-68.3,44.26,65,75,20.71
10,Rikitea,PF,2022-02-04 01:32:29,-23.1203,-134.9692,77.97,74,100,18.88
11,Saskylakh,RU,2022-02-04 01:34:39,71.9167,114.0833,-16.13,97,100,1.7
12,Kupino,RU,2022-02-04 01:34:39,54.3663,77.2981,4.39,91,28,10.07
13,Castro,BR,2022-02-04 01:34:40,-24.7911,-50.0119,65.12,98,100,5.37
14,Mataura,NZ,2022-02-04 01:33:41,-46.1927,168.8643,49.3,99,100,3.11
15,Norman Wells,CA,2022-02-04 01:34:40,65.282,-126.8329,-34.56,67,20,3.44
16,Hobart,AU,2022-02-04 01:33:28,-42.8794,147.3294,70.02,49,9,1.99
17,Qaanaaq,GL,2022-02-04 01:34:41,77.484,-69.3632,-14.31,56,98,8.25
18,Mecca,SA,2022-02-04 01:34:41,21.4267,39.8261,71.01,86,45,3.58
19,Barrow,US,2022-02-04 01:34:42,71.2906,-156.7887,-23.78,76,100,3.44
20,Ilulissat,GL,2022-02-04 01:34:42,69.2167,-51.1,19.42,49,100,16.11
21,Port Alfred,ZA,2022-02-04 01:32:21,-33.5906,26.891,69.71,74,96,16.46
22,Bafoulabe,ML,2022-02-04 01:34:42,13.8065,-10.8321,73.96,10,2,5.61
23,Senneterre,CA,2022-02-04 01:34:43,48.3835,-77.2328,-9.18,97,70,2.95
24,Yellowknife,CA,2022-02-04 01:34:43,62.456,-114.3525,-26.45,68,0,5.75
25,Bredasdorp,ZA,2022-02-04 01:32:14,-34.5322,20.0403,61.92,67,100,4.61
26,Saldanha,ZA,2022-02-04 01:34:44,-33.0117,17.9442,57.25,81,0,18.86
27,Zhigansk,RU,2022-02-04 01:34:44,66.7697,123.3711,-30.15,98,93,2.8
28,Dikson,RU,2022-02-04 01:34:44,73.5069,80.5464,-6.9,94,100,5.99
29,Trinidad,BO,2022-02-04 01:34:45,-14.8333,-64.9,74.79,92,82,4.88
30,Chuy,UY,2022-02-04 01:34:45,-33.6971,-53.4616,73.02,95,100,5.79
31,Port Lincoln,AU,2022-02-04 01:34:46,-34.7333,135.8667,67.06,60,44,15.73
32,Hithadhoo,MV,2022-02-04 01:34:46,-0.6,73.0833,81.61,73,100,10.25
33,Albany,US,2022-02-04 01:29:46,42.6001,-73.9662,39.31,91,100,4.0
34,Laukaa,RU,2022-02-04 01:34:46,58.7372,29.8453,0.23,100,100,1.61
35,Maniitsoq,GL,2022-02-04 01:34:47,65.4167,-52.9,12.2,82,100,21.32
36,Songea,TZ,2022-02-04 01:34:47,-10.6833,35.65,63.45,98,100,2.89
37,Mayo,US,2022-02-04 01:31:53,38.8876,-76.5119,59.11,96,100,7.0
38,Cidreira,BR,2022-02-04 01:34:48,-30.1811,-50.2056,75.87,88,80,23.58
39,Bonthe,SL,2022-02-04 01:34:48,7.5264,-12.505,75.97,88,2,2.98
40,Jamestown,US,2022-02-04 01:33:41,42.097,-79.2353,24.08,69,100,5.99
41,Makakilo City,US,2022-02-04 01:34:48,21.3469,-158.0858,80.92,45,0,14.97
42,Mragowo,PL,2022-02-04 01:34:49,53.8644,21.3051,32.0,98,100,9.17
43,Smolenka,RU,2022-02-04 01:34:49,52.1352,113.4974,-25.53,75,43,0.0
44,College,US,2022-02-04 01:34:49,64.8569,-147.8028,1.72,54,75,4.61
45,Havre,FR,2022-02-04 01:35:50,49.5833,0.3333,46.44,87,100,10.36
46,Marystown,CA,2022-02-04 01:35:50,47.1666,-55.1483,38.86,100,100,5.99
47,Lorengau,PG,2022-02-04 01:35:50,-2.0226,147.2712,84.72,64,100,9.08
48,Bismil,TR,2022-02-04 01:35:51,37.8486,40.6658,44.33,93,100,7.0
49,Saint-Philippe,RE,2022-02-04 01:34:56,-21.3585,55.7679,78.35,93,100,33.08
50,Cabo San Lucas,MX,2022-02-04 01:35:33,22.8909,-109.9124,70.11,57,20,10.36
51,Iracoubo,GF,2022-02-04 01:35:51,5.4802,-53.2011,76.3,89,100,9.62
52,Jining,CN,2022-02-04 01:35:52,35.405,116.5814,39.99,1,37,7.63
53,Busselton,AU,2022-02-04 01:35:52,-33.65,115.3333,82.53,35,67,15.57
54,Victor Harbor,AU,2022-02-04 01:32:25,-35.5667,138.6167,72.81,58,0,1.01
55,Severo-Kurilsk,RU,2022-02-04 01:33:08,50.6789,156.125,31.33,88,100,10.8
56,Fairbanks,US,2022-02-04 01:34:42,64.8378,-147.7164,1.74,54,100,9.22
57,Camacha,PT,2022-02-04 01:35:53,33.0833,-16.3333,62.53,94,20,8.05
58,Tasiilaq,GL,2022-02-04 01:32:21,65.6145,-37.6368,12.36,62,96,6.69
59,San Patricio,US,2022-02-04 01:33:36,28.017,-97.5169,35.83,75,100,18.37
60,Verkhoyansk,RU,2022-02-04 01:35:53,67.5447,133.385,-34.33,100,77,1.74
61,Hami,CN,2022-02-04 01:35:54,42.8,93.45,22.12,37,13,3.04
62,Goderich,CA,2022-02-04 01:32:33,43.7501,-81.7165,15.91,73,100,11.5
63,Bluff,NZ,2022-02-04 01:35:54,-46.6,168.3333,49.5,83,100,1.5
64,Atuona,PF,2022-02-04 01:35:54,-9.8,-139.0333,78.91,72,4,16.35
65,Mount Gambier,AU,2022-02-04 01:35:55,-37.8333,140.7667,71.51,43,100,16.11
66,Guanica,PR,2022-02-04 01:35:55,17.9716,-66.908,76.91,88,74,1.01
67,Manyana,BW,2022-02-04 01:35:55,-23.4,21.7167,68.16,70,22,6.76
68,Kapaa,US,2022-02-04 01:31:45,22.0752,-159.319,78.12,65,0,1.01
69,Namibe,AO,2022-02-04 01:35:56,-15.1961,12.1522,71.11,78,2,6.24
70,Merauke,ID,2022-02-04 01:35:56,-8.4667,140.3333,84.63,72,100,11.9
71,Pisco,PE,2022-02-04 01:33:28,-13.7,-76.2167,69.85,78,0,17.27
72,Talnakh,RU,2022-02-04 01:34:02,69.4865,88.3972,-13.54,98,79,7.2
73,Dukat,RU,2022-02-04 01:35:57,62.55,155.55,-7.87,73,6,8.63
74,Bengkulu,ID,2022-02-04 01:35:57,-3.8004,102.2655,78.3,83,98,3.15
75,Kavieng,PG,2022-02-04 01:35:39,-2.5744,150.7967,82.87,73,98,4.99
76,Hermanus,ZA,2022-02-04 01:35:58,-34.4187,19.2345,60.91,72,100,9.17
77,Lavrentiya,RU,2022-02-04 01:35:58,65.5833,-171.0,-0.15,60,0,20.49
78,Avarua,CK,2022-02-04 01:35:58,-21.2078,-159.775,84.25,79,40,19.57
79,Clarence Town,AU,2022-02-04 01:35:18,-32.5833,151.7833,73.81,67,34,11.07
80,Broome,US,2022-02-04 01:32:31,42.2506,-75.833,35.37,84,100,4.0
81,Elizabeth City,US,2022-02-04 01:35:59,36.2946,-76.2511,63.01,77,0,1.01
82,Kodiak,US,2022-02-04 01:35:59,57.79,-152.4072,40.51,87,100,6.91
83,Khatanga,RU,2022-02-04 01:36:00,71.9667,102.5,-32.51,100,90,4.41
84,Coihaique,CL,2022-02-04 01:34:52,-45.5752,-72.0662,60.75,67,75,4.61
85,Iqaluit,CA,2022-02-04 01:36:00,63.7506,-68.5145,-9.67,64,75,5.75
86,Barra Patuca,HN,2022-02-04 01:31:24,15.8,-84.2833,77.2,81,0,9.51
87,Luderitz,NA,2022-02-04 01:36:00,-26.6481,15.1594,68.23,70,1,15.12
88,Ambon,ID,2022-02-04 01:36:01,-3.6954,128.1814,84.34,79,40,4.61
89,Arraial Do Cabo,BR,2022-02-04 01:35:39,-22.9661,-42.0278,75.43,91,100,9.73
90,Longyearbyen,SJ,2022-02-04 01:36:01,78.2186,15.6401,13.84,73,75,10.36
91,Shelburne,CA,2022-02-04 01:36:02,44.0787,-80.2041,11.19,88,100,12.82
92,Katsuura,JP,2022-02-04 01:36:02,35.1333,140.3,46.11,66,100,10.22
93,Tiksi,RU,2022-02-04 01:32:34,71.6872,128.8694,-11.63,100,100,6.64
94,Henties Bay,NA,2022-02-04 01:37:03,-22.116,14.2845,66.85,88,5,7.18
95,Pionki,PL,2022-02-04 01:37:03,51.476,21.4499,35.19,61,100,8.03
96,Kahului,US,2022-02-04 01:33:25,20.8947,-156.47,83.46,60,0,17.27
97,Clyde River,CA,2022-02-04 01:37:03,70.4692,-68.5914,-7.37,77,100,39.12
98,Klaksvik,FO,2022-02-04 01:37:04,62.2266,-6.589,34.72,83,98,48.9
99,Krasnoselkup,RU,2022-02-04 01:37:04,65.7,82.4667,8.46,96,97,8.12
100,Vanimo,PG,2022-02-04 01:37:04,-2.6741,141.3028,83.44,70,52,3.36
101,Allapalli,IN,2022-02-04 01:37:05,19.4167,80.0667,66.79,91,4,3.58
102,Huarmey,PE,2022-02-04 01:37:05,-10.0681,-78.1522,71.67,81,22,7.76
103,Ribeira Grande,PT,2022-02-04 01:37:05,38.5167,-28.7,58.68,74,100,17.74
104,Kenitra,MA,2022-02-04 01:37:06,34.261,-6.5802,56.84,75,100,2.04
105,Torbay,CA,2022-02-04 01:37:06,47.6666,-52.7314,38.57,83,100,24.16
106,Aklavik,CA,2022-02-04 01:37:06,68.2191,-135.0107,-21.17,99,14,6.31
107,Beringovskiy,RU,2022-02-04 01:33:45,63.05,179.3167,0.86,77,100,18.43
108,Kokkola,FI,2022-02-04 01:37:07,63.8385,23.1307,5.16,88,100,1.01
109,Tevaitoa,PF,2022-02-04 01:37:07,-16.7833,-151.5,81.23,71,2,15.75
110,Tuktoyaktuk,CA,2022-02-04 01:34:56,69.4541,-133.0374,-20.2,76,75,11.5
111,Carora,VE,2022-02-04 01:37:08,10.1755,-70.0827,75.74,71,2,10.07
112,Cururupu,BR,2022-02-04 01:37:08,-1.8283,-44.8683,75.56,91,92,3.42
113,Itoman,JP,2022-02-04 01:37:09,26.1247,127.6694,63.37,96,75,20.71
114,Belmonte,BR,2022-02-04 01:33:09,-15.8631,-38.8828,81.1,81,92,6.46
115,Richards Bay,ZA,2022-02-04 01:36:57,-28.783,32.0377,76.14,94,92,6.26
116,Burgeo,CA,2022-02-04 01:37:09,47.6167,-57.6152,37.65,99,100,18.48
117,Nikolskoye,RU,2022-02-04 01:37:10,59.7035,30.7861,1.29,100,100,2.17
118,Berezanka,UA,2022-02-04 01:37:10,46.8526,31.388,25.27,80,46,11.12
119,Vestmannaeyjar,IS,2022-02-04 01:37:10,63.4427,-20.2734,27.37,66,11,35.77
120,Kayerkan,RU,2022-02-04 01:34:20,69.3497,87.7602,-13.79,97,56,5.95
121,Mar Del Plata,AR,2022-02-04 01:37:11,-38.0023,-57.5575,71.1,93,100,1.99
122,Never,FR,2022-02-04 01:37:11,46.9896,3.159,40.75,94,100,5.41
123,Puerto Ayora,EC,2022-02-04 01:35:00,-0.7393,-90.3518,75.54,92,8,3.0
124,Constitucion,CL,2022-02-04 01:33:43,-35.3333,-72.4167,58.17,94,37,4.68
125,Tavda,RU,2022-02-04 01:37:12,58.0425,65.2726,27.95,93,100,8.32
126,Ronne,DK,2022-02-04 01:37:12,55.1009,14.7066,40.91,93,100,11.5
127,Victoria,HK,2022-02-04 01:35:41,22.2855,114.1577,59.25,78,77,5.01
128,Maragogi,BR,2022-02-04 01:32:29,-9.0122,-35.2225,78.8,74,98,8.46
129,Severnoye,RU,2022-02-04 01:37:13,56.3491,78.3619,9.05,90,99,11.14
130,Port-Cartier,CA,2022-02-04 01:37:13,50.0334,-66.8654,5.76,73,100,7.85
131,Ponta Do Sol,PT,2022-02-04 01:37:13,32.6667,-17.1,66.0,75,37,4.36
132,Belaya Gora,RU,2022-02-04 01:37:14,68.5333,146.4167,-33.12,99,38,1.01
133,Ancud,CL,2022-02-04 01:37:14,-41.8697,-73.8203,61.23,96,44,3.18
134,Pacific Grove,US,2022-02-04 01:37:14,36.6177,-121.9166,59.76,78,0,1.99
135,Jackson,US,2022-02-04 01:36:16,42.4165,-122.8345,51.67,54,0,0.0
136,Statesboro,US,2022-02-04 01:37:15,32.4488,-81.7832,70.11,77,40,9.22
137,Copiapo,CL,2022-02-04 01:38:16,-27.3667,-70.3333,62.29,57,0,2.21
138,Butaritari,KI,2022-02-04 01:38:16,3.0707,172.7902,82.24,75,15,13.78
139,Haines Junction,CA,2022-02-04 01:38:16,60.7522,-137.5108,-2.25,71,100,1.14
140,Kampar,MY,2022-02-04 01:38:17,4.3,101.15,77.18,69,91,1.05
141,Upernavik,GL,2022-02-04 01:38:17,72.7868,-56.1549,3.79,66,100,6.04
142,Chaplynka,UA,2022-02-04 01:38:17,46.3651,33.5403,31.8,81,100,13.27
143,Umm Kaddadah,SD,2022-02-04 01:38:18,13.6017,26.6876,66.25,18,3,20.02
144,Ahipara,NZ,2022-02-04 01:34:51,-35.1667,173.1667,77.4,69,88,14.43
145,Kavaratti,IN,2022-02-04 01:33:32,10.5669,72.642,79.23,64,2,8.03
146,San Miguelito,PA,2022-02-04 01:38:18,9.0333,-79.5,80.42,76,20,3.0
147,Kukurecani,MK,2022-02-04 01:38:19,41.0956,21.3256,30.61,92,97,2.53
148,Nelson Bay,AU,2022-02-04 01:38:19,-32.7167,152.15,74.28,86,16,1.01
149,Chokurdakh,RU,2022-02-04 01:38:19,70.6333,147.9167,-27.36,100,70,1.05
150,Kaohsiung,TW,2022-02-04 01:38:20,22.6163,120.3133,65.03,86,75,1.99
151,Thinadhoo,MV,2022-02-04 01:38:20,0.5333,72.9333,81.82,70,62,8.34
152,Kaitangata,NZ,2022-02-04 01:36:52,-46.2817,169.8464,48.63,97,100,1.36
153,Caravelas,BR,2022-02-04 01:38:20,-17.7125,-39.2481,76.71,90,95,4.45
154,Hilo,US,2022-02-04 01:33:25,19.7297,-155.09,76.73,77,75,10.36
155,Provideniya,RU,2022-02-04 01:38:21,64.3833,-173.3,4.26,59,9,23.94
156,Pevek,RU,2022-02-04 01:35:38,69.7008,170.3133,-18.22,99,24,3.27
157,Cassilandia,BR,2022-02-04 01:38:21,-19.1133,-51.7342,73.45,88,100,1.86
158,Kununurra,AU,2022-02-04 01:37:51,-15.7667,128.7333,85.98,74,75,3.44
159,Flower Mound,US,2022-02-04 01:35:15,33.0146,-97.097,23.18,82,100,5.01
160,Salta,AR,2022-02-04 01:38:22,-24.7859,-65.4117,72.19,78,75,3.44
161,Paraiso,CR,2022-02-04 01:38:22,9.8383,-83.8656,67.06,96,73,3.18
162,Platteville,US,2022-02-04 01:38:23,42.7342,-90.4785,9.16,66,0,5.75
163,Airai,TL,2022-02-04 01:38:23,-8.9266,125.4092,71.64,67,77,4.41
164,New Norfolk,AU,2022-02-04 01:33:37,-42.7826,147.0587,69.66,36,1,1.99
165,Nome,US,2022-02-04 01:38:23,64.5011,-165.4064,6.87,52,0,29.93
166,Lompoc,US,2022-02-04 01:38:24,34.6391,-120.4579,58.68,71,0,8.05
167,Malinyi,TZ,2022-02-04 01:38:24,-8.9333,36.1333,71.98,99,100,2.1
168,Thompson,CA,2022-02-04 01:38:25,55.7435,-97.8558,-18.24,69,0,8.05
169,Sangar,RU,2022-02-04 01:38:25,63.9242,127.4739,-23.12,98,98,2.8
170,Bobrovka,RU,2022-02-04 01:38:25,54.047,61.7455,22.26,81,100,14.63
171,Te Anau,NZ,2022-02-04 01:38:26,-45.4167,167.7167,48.25,96,100,2.51
172,Ormara,PK,2022-02-04 01:38:26,25.2088,64.6357,66.88,25,0,10.83
173,Chiang Khong,TH,2022-02-04 01:38:26,20.2613,100.4046,66.63,41,10,1.77
174,Novaya Igirma,RU,2022-02-04 01:38:27,57.1334,103.9112,-1.07,97,100,4.52
175,Lagoa,PT,2022-02-04 01:38:27,39.05,-27.9833,57.76,74,100,13.2
176,Paamiut,GL,2022-02-04 01:38:27,61.994,-49.6678,19.4,95,100,10.04
177,Georgetown,MY,2022-02-04 01:33:41,5.4112,100.3354,82.33,87,20,5.99
178,Seoul,KR,2022-02-04 01:34:28,37.5683,126.9778,27.91,48,0,12.66
179,Rio Gallegos,AR,2022-02-04 01:38:28,-51.6226,-69.2181,48.25,61,75,10.36
180,Qandala,SO,2022-02-04 01:38:28,11.472,49.8728,72.12,52,6,3.83
181,Hun,LY,2022-02-04 01:38:29,29.1268,15.9477,47.3,80,0,5.14
182,Shakawe,BW,2022-02-04 01:38:29,-18.3667,21.85,64.04,91,51,4.07
183,Peniche,PT,2022-02-04 01:39:29,39.3558,-9.3811,54.63,85,97,5.14
184,Balsas,BR,2022-02-04 01:39:30,-7.5325,-46.0356,78.06,71,96,0.81
185,Mehamn,NO,2022-02-04 01:39:30,71.0357,27.8492,19.2,83,86,12.82
186,Askiz,RU,2022-02-04 01:39:30,53.1319,90.5264,-6.52,99,50,2.37
187,Riyadh,SA,2022-02-04 01:39:31,24.6877,46.7219,60.94,37,12,5.59
188,San Pedro,PH,2022-02-04 01:39:31,14.35,121.0167,84.31,65,20,2.3
189,Matamoros,MX,2022-02-04 01:39:31,25.5333,-103.25,71.71,26,20,5.75
190,Saint George,US,2022-02-04 01:36:16,37.1041,-113.5841,43.39,26,0,19.57
191,Bethel,US,2022-02-04 01:37:15,41.3712,-73.414,46.94,95,100,0.0
192,Kenai,US,2022-02-04 01:37:51,60.5544,-151.2583,25.14,92,100,25.32
193,Cayenne,GF,2022-02-04 01:34:55,4.9333,-52.3333,78.1,86,75,3.0
194,Alice Springs,AU,2022-02-04 01:39:32,-23.7,133.8833,72.95,35,97,18.41
195,Jaitaran,IN,2022-02-04 01:39:32,26.2031,73.9364,51.4,52,0,5.91
196,Agidel,RU,2022-02-04 01:39:33,55.9077,53.9355,31.41,99,100,4.7
197,Coquimbo,CL,2022-02-04 01:39:33,-29.9533,-71.3436,64.76,79,6,1.14
198,Vao,NC,2022-02-04 01:39:34,-22.6667,167.4833,75.33,92,100,4.54
199,Kiama,AU,2022-02-04 01:39:34,-34.6833,150.8667,75.99,62,79,17.34
200,San Cristobal,VE,2022-02-04 01:38:15,7.7669,-72.225,75.38,64,85,1.43
201,Sao Filipe,CV,2022-02-04 01:39:34,14.8961,-24.4956,73.02,75,0,9.48
202,Micheweni,TZ,2022-02-04 01:39:35,-4.9667,39.8333,80.1,80,98,10.92
203,Bilma,NE,2022-02-04 01:39:35,18.6853,12.9164,52.7,29,0,13.4
204,Comodoro Rivadavia,AR,2022-02-04 01:36:17,-45.8667,-67.5,60.66,94,40,3.44
205,Mahebourg,MU,2022-02-04 01:35:00,-20.4081,57.7,80.89,89,75,25.32
206,Hamilton,US,2022-02-04 01:35:01,39.1834,-84.5333,25.72,91,100,4.0
207,Rio Grande,BR,2022-02-04 01:39:36,-32.035,-52.0986,77.05,84,100,11.95
208,Wonthaggi,AU,2022-02-04 01:39:36,-38.6044,145.5913,73.2,57,6,14.56
209,Santa Marta,CO,2022-02-04 01:37:00,11.2408,-74.199,82.89,70,20,14.0
210,Aktash,RU,2022-02-04 01:39:37,50.3,87.7333,-20.18,83,34,4.7
211,Luba,GQ,2022-02-04 01:39:37,3.4568,8.5547,80.49,79,92,6.4
212,Santa Cruz,BO,2022-02-04 01:39:37,-17.8,-63.1667,76.46,88,40,9.22
213,Tommot,RU,2022-02-04 01:39:38,58.9564,126.2925,-6.63,91,100,7.74
214,Port Elizabeth,ZA,2022-02-04 01:38:02,-33.918,25.5701,67.1,73,98,13.82
215,Ceres,US,2022-02-04 01:39:38,37.5949,-120.9577,58.77,33,0,5.75
216,Warman,CA,2022-02-04 01:39:38,52.3168,-106.5679,-20.11,68,20,9.22
217,Mumford,GH,2022-02-04 01:39:39,5.2618,-0.759,79.03,83,19,6.58
218,Ust-Omchug,RU,2022-02-04 01:39:39,61.15,149.6333,-3.05,86,67,8.68
219,Tenali,IN,2022-02-04 01:39:39,16.2425,80.6398,71.69,83,50,3.58
220,Adrar,MR,2022-02-04 01:39:40,20.5022,-10.0711,60.93,19,0,10.22
221,Port Hardy,CA,2022-02-04 01:39:40,50.6996,-127.4199,45.75,87,75,14.97
222,Nohar,IN,2022-02-04 01:39:40,29.1833,74.7667,47.3,95,19,5.44
223,Zigong,CN,2022-02-04 01:39:41,29.3416,104.7769,47.35,71,89,4.12
224,Geraldton,AU,2022-02-04 01:35:15,-28.7667,114.6,97.21,12,0,23.02
225,Dao,PH,2022-02-04 01:39:41,11.3937,122.6856,79.81,84,90,12.73
226,Cedar City,US,2022-02-04 01:39:16,37.6775,-113.0619,25.77,49,0,14.97
227,Milton,US,2022-02-04 01:36:25,34.1322,-84.3007,65.64,96,100,3.0
228,Hit,IQ,2022-02-04 01:39:42,33.6416,42.8251,53.82,41,42,6.87
229,North Bend,US,2022-02-04 01:40:42,43.4065,-124.2243,49.15,95,0,8.05
230,Wanning,CN,2022-02-04 01:40:43,18.8003,110.3967,65.08,87,100,10.42
231,Guerrero Negro,MX,2022-02-04 01:36:09,27.9769,-114.0611,59.94,30,0,16.78
232,Nalut,LY,2022-02-04 01:40:43,30.3333,10.85,43.99,73,0,8.34
233,Luganville,VU,2022-02-04 01:40:43,-15.5333,167.1667,76.75,95,100,5.93
234,Hovd,MN,2022-02-04 01:40:44,48.0056,91.6419,-9.69,81,23,3.89
235,Nanortalik,GL,2022-02-04 01:40:44,60.1432,-45.2371,26.62,95,100,11.25
236,Esperance,AU,2022-02-04 01:40:05,-33.8667,121.9,76.84,48,2,9.08
237,Antofagasta,CL,2022-02-04 01:36:03,-23.65,-70.4,65.48,78,6,5.68
238,Puerto Rondon,CO,2022-02-04 01:40:45,6.2805,-71.1,83.46,51,94,4.47
239,Prince Rupert,CA,2022-02-04 01:40:04,54.3161,-130.3201,44.69,87,100,16.11
240,Kruisfontein,ZA,2022-02-04 01:40:45,-34.0033,24.7314,64.89,80,62,9.19
241,Fethiye,TR,2022-02-04 01:40:45,36.6217,29.1164,44.47,77,50,7.74
242,Dingle,PH,2022-02-04 01:40:46,10.9995,122.6711,81.09,77,75,16.82
243,Neryungri,RU,2022-02-04 01:40:46,56.6709,124.6491,-7.83,93,100,12.17
244,Mankono,CI,2022-02-04 01:40:46,8.0586,-6.1897,69.62,13,0,3.67
245,Ikom,NG,2022-02-04 01:40:47,5.9667,8.7063,72.05,66,22,0.74
246,Oussouye,SN,2022-02-04 01:40:47,12.485,-16.5469,70.63,73,0,6.17
247,Half Moon Bay,US,2022-02-04 01:40:47,37.4636,-122.4286,60.08,65,0,1.99
248,Vostok,RU,2022-02-04 01:40:48,46.4856,135.8833,0.07,85,98,4.09
249,Tocopilla,CL,2022-02-04 01:40:48,-22.092,-70.1979,69.91,72,20,9.98
250,Kalmunai,LK,2022-02-04 01:40:49,7.4167,81.8167,74.43,81,7,3.2
251,Cap Malheureux,MU,2022-02-04 01:40:49,-19.9842,57.6142,81.09,84,100,10.0
252,Manono,CD,2022-02-04 01:40:49,-7.3,27.4167,67.41,98,100,2.98
253,Carnarvon,AU,2022-02-04 01:40:50,-24.8667,113.6333,96.87,23,13,12.66
254,Baijiantan,CN,2022-02-04 01:38:04,45.6333,85.1833,0.05,91,71,3.13
255,Paso De Los Toros,UY,2022-02-04 01:40:50,-32.8167,-56.5167,72.9,82,100,4.59
256,Mogadishu,SO,2022-02-04 01:40:51,2.0371,45.3438,75.9,79,5,19.55
257,Hofn,IS,2022-02-04 01:39:51,64.2539,-15.2082,29.48,57,100,22.37
258,Codrington,AU,2022-02-04 01:40:51,-38.2667,141.9667,65.52,62,81,15.01
259,Sitka,US,2022-02-04 01:36:15,57.0531,-135.33,44.49,87,100,18.41
260,Jaypur,IN,2022-02-04 01:40:51,18.85,82.5833,64.56,72,6,2.08
261,San Francisco,US,2022-02-04 01:37:17,37.7749,-122.4194,60.06,71,75,1.01
262,Flinders,AU,2022-02-04 01:40:52,-34.5833,150.8552,75.79,59,77,15.99
263,Puerto Baquerizo Moreno,EC,2022-02-04 01:40:52,-0.9,-89.6,75.07,82,8,7.96
264,Otaru,JP,2022-02-04 01:40:53,43.1894,141.0022,28.24,72,100,17.05
265,Balad,IQ,2022-02-04 01:40:53,34.0164,44.1453,55.67,33,100,11.9
266,Saint-Pierre,RE,2022-02-04 01:40:53,-21.3393,55.4781,80.24,86,100,18.86
267,Cam Ranh,VN,2022-02-04 01:40:54,11.9214,109.1591,75.16,78,40,13.8
268,San Vicente,AR,2022-02-04 01:36:31,-26.6167,-54.1333,68.81,99,100,5.19
269,Deputatskiy,RU,2022-02-04 01:40:54,69.3,139.9,-24.29,97,49,2.04
270,Fort Nelson,CA,2022-02-04 01:40:41,58.8053,-122.7002,-11.61,77,100,4.61
271,Tomatlan,MX,2022-02-04 01:40:55,19.9333,-105.25,66.38,76,78,1.66
272,Srednekolymsk,RU,2022-02-04 01:41:55,67.45,153.6833,-29.2,99,47,1.21
273,Oistins,BB,2022-02-04 01:37:20,13.0667,-59.5333,77.09,65,20,12.66
274,Fare,PF,2022-02-04 01:41:56,-16.7,-151.0167,81.23,70,0,14.61
275,Eureka,US,2022-02-04 01:37:52,40.8021,-124.1637,50.61,85,2,5.99
276,Astorga,BR,2022-02-04 01:41:56,-23.2325,-51.6656,70.2,92,100,4.32
277,Inta,RU,2022-02-04 01:41:56,66.0317,60.1659,15.71,95,100,5.7
278,Souillac,MU,2022-02-04 01:38:40,-20.5167,57.5167,80.98,89,75,25.32
279,Bambari,CF,2022-02-04 01:41:57,5.768,20.6757,75.34,22,99,4.0
280,Pangkalanbuun,ID,2022-02-04 01:41:57,-2.6833,111.6167,83.07,73,96,2.91
281,East London,ZA,2022-02-04 01:41:57,-33.0153,27.9116,69.39,81,100,15.5
282,Sinnamary,GF,2022-02-04 01:41:58,5.3833,-52.95,76.68,89,100,9.98
283,Avera,US,2022-02-04 01:40:02,33.194,-82.5271,71.47,72,100,14.88
284,Lebowakgomo,ZA,2022-02-04 01:41:58,-24.2,29.5,72.5,64,26,2.75
285,Channel-Port Aux Basques,CA,2022-02-04 01:41:59,47.5702,-59.1367,32.25,99,100,11.1
286,Lasa,IT,2022-02-04 01:38:40,46.6166,10.7002,38.66,64,52,3.38
287,Pangody,RU,2022-02-04 01:37:26,65.85,74.4859,7.77,96,96,6.2
288,Parainen,FI,2022-02-04 01:41:59,60.3067,22.301,24.15,89,100,12.46
289,Byron Bay,AU,2022-02-04 01:42:00,-28.65,153.6167,78.75,84,78,20.65
290,Stryn,NO,2022-02-04 01:42:00,61.9045,6.7226,39.88,96,100,9.78
291,Touros,BR,2022-02-04 01:38:26,-5.1989,-35.4608,81.5,75,61,13.33
292,Ucluelet,CA,2022-02-04 01:42:00,48.9329,-125.5528,46.09,94,100,4.41
293,Mantua,IT,2022-02-04 01:42:01,45.1667,10.7833,46.27,90,67,1.99
294,Lebu,CL,2022-02-04 01:42:01,-37.6167,-73.65,59.76,92,17,12.68
295,Turan,VN,2022-02-04 01:42:01,16.0678,108.2208,69.78,78,75,1.14
296,Biak,ID,2022-02-04 01:42:02,-0.9131,122.8766,83.44,61,100,0.81
297,Ust-Ishim,RU,2022-02-04 01:42:02,57.6935,71.1665,24.64,95,100,12.17
298,Walvis Bay,NA,2022-02-04 01:42:02,-22.9575,14.5053,67.08,81,4,9.95
299,Aden,YE,2022-02-04 01:42:03,12.7794,45.0367,76.62,60,0,7.16
300,Baykit,RU,2022-02-04 01:42:03,61.67,96.37,11.86,97,100,3.56
301,Kondinskoye,RU,2022-02-04 01:42:03,59.6481,67.41,22.6,95,100,10.29
302,Coimbra,PT,2022-02-04 01:42:04,40.2056,-8.4195,50.09,96,99,0.94
303,Muroto,JP,2022-02-04 01:42:04,33.2833,134.15,46.44,51,82,5.64
304,Vardo,NO,2022-02-04 01:42:04,70.3705,31.1107,26.62,63,100,13.06
305,Niigata,JP,2022-02-04 01:41:15,37.9022,139.0236,37.92,64,75,16.11
306,Mandalgovi,MN,2022-02-04 01:42:05,45.7625,106.2708,5.47,69,50,10.85
307,Fort Frances,CA,2022-02-04 01:42:05,48.5999,-93.4003,-5.94,68,0,0.0
308,Spitak,AM,2022-02-04 01:42:06,40.8322,44.2673,19.04,91,98,6.64
309,Chapais,CA,2022-02-04 01:37:28,49.7834,-74.8492,-24.02,100,46,2.59
310,Pontianak,ID,2022-02-04 01:42:06,-0.0333,109.3333,76.98,88,20,5.75
311,Leningradskiy,RU,2022-02-04 01:42:06,69.3833,178.4167,-8.3,81,2,8.59
312,Boa Vista,BR,2022-02-04 01:42:07,2.8197,-60.6733,84.18,54,0,12.66
313,Bud,US,2022-02-04 01:42:07,39.447,-86.1758,21.31,92,100,17.11
314,Xucheng,CN,2022-02-04 01:42:07,20.35,110.1288,56.1,86,100,11.54
315,Hanstholm,DK,2022-02-04 01:42:08,57.1167,8.6167,43.75,92,100,23.76
316,Nicoya,CR,2022-02-04 01:42:08,10.1483,-85.452,80.15,72,6,0.98
317,Chalmette,US,2022-02-04 01:42:08,29.9427,-89.9634,53.13,83,100,8.99
318,Sandakan,MY,2022-02-04 01:42:09,5.8402,118.1179,83.88,74,40,5.99
319,Lipari,IT,2022-02-04 01:42:09,38.4674,14.954,51.22,48,13,5.06
320,Karratha,AU,2022-02-04 01:42:09,-20.7377,116.8463,91.8,43,82,10.27
321,Batagay-Alyta,RU,2022-02-04 01:42:10,67.8006,130.4114,-18.18,97,99,2.89
322,Tautira,PF,2022-02-04 01:43:10,-17.7333,-149.15,87.82,76,42,15.41
323,Itaituba,BR,2022-02-04 01:43:10,-4.2761,-55.9836,73.56,92,49,1.34
324,Sylacauga,US,2022-02-04 01:43:11,33.1732,-86.2516,66.42,100,100,8.05
325,Moerai,PF,2022-02-04 01:43:11,-22.4333,-151.3333,79.61,76,99,14.61
326,General Roca,AR,2022-02-04 01:43:11,-39.0333,-67.5833,72.0,44,100,18.81
327,Faanui,PF,2022-02-04 01:43:12,-16.4833,-151.75,81.23,70,1,15.1
328,Ushtobe,KZ,2022-02-04 01:43:12,45.2514,77.9838,15.93,91,78,5.68
329,Tilichiki,RU,2022-02-04 01:43:12,60.4667,166.1,3.99,76,100,10.49
330,Manokwari,ID,2022-02-04 01:40:16,-0.8667,134.0833,80.91,76,96,3.94
331,Vanavara,RU,2022-02-04 01:43:13,60.34,102.2797,10.67,94,100,8.72
332,Fenoarivo,MG,2022-02-04 01:43:13,-18.933,47.4354,66.27,77,20,8.05
333,Kudahuvadhoo,MV,2022-02-04 01:42:50,2.6708,72.8944,80.98,72,2,10.76
334,Kazerun,IR,2022-02-04 01:43:14,29.6195,51.6541,54.79,27,0,3.13
335,Alofi,NU,2022-02-04 01:43:14,-19.0595,-169.9187,80.49,83,100,5.75
336,Tambovka,RU,2022-02-04 01:43:15,50.0969,128.0489,-0.09,88,18,8.28
337,Sao Jose Da Coroa Grande,BR,2022-02-04 01:43:15,-8.8978,-35.1478,78.98,75,90,8.9
338,Rocha,UY,2022-02-04 01:43:15,-34.4833,-54.3333,70.07,98,100,2.35
339,Salalah,OM,2022-02-04 01:40:43,17.0151,54.0924,68.09,83,0,3.44
340,Siderno,IT,2022-02-04 01:43:16,38.2779,16.302,52.18,75,69,8.3
341,Hwange,ZW,2022-02-04 01:43:16,-18.3693,26.5019,67.84,90,53,1.57
342,Berdigestyakh,RU,2022-02-04 01:43:16,62.0989,126.6992,-18.35,95,99,5.68
343,Petropavlovsk-Kamchatskiy,RU,2022-02-04 01:43:11,53.0452,158.6483,30.79,43,75,11.18
344,Labuhan,ID,2022-02-04 01:43:17,-6.8844,112.2051,81.81,76,80,5.46
345,San Quintin,MX,2022-02-04 01:43:17,30.4833,-115.95,57.42,62,0,4.14
346,Pakokku,MM,2022-02-04 01:43:17,21.3333,95.1,65.07,54,0,9.26
347,Krasnoarmeysk,RU,2022-02-04 01:43:18,51.0239,45.6969,32.16,99,100,9.51
348,Coahuayana,MX,2022-02-04 01:43:18,18.7333,-103.6833,81.88,78,7,0.13
349,Isangel,VU,2022-02-04 01:43:18,-19.55,169.2667,84.31,84,100,4.61
350,Eyl,SO,2022-02-04 01:43:19,7.9803,49.8164,68.9,74,1,10.49
351,Batsfjord,NO,2022-02-04 01:43:19,70.6345,29.7185,20.3,89,100,8.23
352,Le Port,RE,2022-02-04 01:43:20,-20.9373,55.2919,80.56,87,100,28.97
353,Bose,IT,2022-02-04 01:40:07,45.4612,8.0137,42.73,82,5,3.4
354,Kutum,SD,2022-02-04 01:43:20,14.2,24.6667,57.16,15,0,12.62
355,Jinchang,CN,2022-02-04 01:43:20,38.4953,102.1739,18.93,32,55,2.51
356,Beloha,MG,2022-02-04 01:43:21,-25.1667,45.05,71.2,93,6,10.11
357,West Wendover,US,2022-02-04 01:43:21,40.7391,-114.0733,26.49,56,49,2.66
358,Maraa,BR,2022-02-04 01:43:21,-1.8333,-65.3667,72.64,98,79,0.6
359,Winnemucca,US,2022-02-04 01:43:22,40.973,-117.7357,39.25,41,0,6.91
360,Valparaiso,CL,2022-02-04 01:41:58,-33.0393,-71.6273,63.52,82,0,0.0
361,Moose Factory,CA,2022-02-04 01:43:22,51.2585,-80.6094,-13.02,58,0,6.91
362,Warri,NG,2022-02-04 01:43:23,5.5167,5.75,77.07,85,82,2.48
363,Mitsamiouli,KM,2022-02-04 01:43:23,-11.3847,43.2844,82.0,76,100,9.8
364,Powell River,CA,2022-02-04 01:43:23,49.8496,-124.5361,41.27,100,100,2.3
365,Halifax,CA,2022-02-04 01:39:57,44.6453,-63.5724,40.89,98,100,1.99
366,Arlit,NE,2022-02-04 01:43:24,18.7369,7.3853,55.2,20,6,7.78
367,Rjukan,NO,2022-02-04 01:44:24,59.8789,8.5941,39.81,99,100,10.96
368,Lukulu,ZM,2022-02-04 01:44:25,-14.3707,23.242,65.41,97,100,6.8
369,Tuatapere,NZ,2022-02-04 01:44:25,-46.1333,167.6833,49.59,91,100,4.03
370,Alenquer,BR,2022-02-04 01:44:25,-1.9417,-54.7383,77.34,96,100,7.07
371,Odienne,CI,2022-02-04 01:44:26,9.51,-7.5692,68.5,15,0,3.98
372,Agadez,NE,2022-02-04 01:44:26,19.75,10.25,49.68,31,0,10.71
373,Amuntai,ID,2022-02-04 01:44:26,-2.4177,115.2494,82.29,76,100,1.03
374,Sept-Iles,CA,2022-02-04 01:44:27,50.2001,-66.3821,6.06,61,75,10.0
375,Karasjok,NO,2022-02-04 01:44:27,69.4719,25.5112,6.91,98,96,4.92
376,Verkhnevilyuysk,RU,2022-02-04 01:44:27,63.4453,120.3167,-23.04,99,69,3.67
377,Zyryanka,RU,2022-02-04 01:44:28,65.75,150.85,-23.62,99,100,4.85
378,Fortuna,US,2022-02-04 01:44:28,40.5982,-124.1573,50.34,90,0,8.05
379,Aksarka,RU,2022-02-04 01:41:25,66.5606,67.7975,-13.29,100,99,1.23
380,Skjervoy,NO,2022-02-04 01:44:29,70.0311,20.9714,19.24,74,53,32.64
381,Gizo,SB,2022-02-04 01:44:29,-8.103,156.8419,81.52,78,100,11.34
382,Baruun-Urt,MN,2022-02-04 01:44:29,46.6806,113.2792,-5.67,87,5,6.51
383,Kangaatsiaq,GL,2022-02-04 01:44:30,68.3065,-53.4641,13.1,77,100,30.02
384,Vila Do Maio,CV,2022-02-04 01:44:30,15.1333,-23.2167,70.59,78,0,15.5
385,Sokoni,TZ,2022-02-04 01:44:30,-6.4333,39.55,80.89,79,100,11.21
386,Urubicha,BO,2022-02-04 01:44:31,-15.3833,-62.95,72.39,98,79,3.38
387,Nanakuli,US,2022-02-04 01:44:31,21.3906,-158.1547,82.35,46,0,14.97
388,Kattivakkam,IN,2022-02-04 01:44:31,13.2167,80.3167,75.29,86,40,8.08
389,Sandnessjoen,NO,2022-02-04 01:44:32,66.0217,12.6316,30.18,93,100,11.99
390,Acarau,BR,2022-02-04 01:44:32,-2.8856,-40.12,78.8,83,81,12.39
391,Stillwater,US,2022-02-04 01:42:29,36.1156,-97.0584,18.01,85,100,4.0
392,Pauini,BR,2022-02-04 01:44:33,-7.7136,-66.9764,73.02,98,88,1.83
393,Stepnyak,KZ,2022-02-04 01:44:33,52.8339,70.7803,8.92,81,63,12.57
394,Fort Walton Beach,US,2022-02-04 01:44:33,30.4058,-86.6188,72.25,92,100,8.99
395,Omsukchan,RU,2022-02-04 01:44:34,62.5333,155.8,-5.76,75,11,9.15
396,Besikduzu,TR,2022-02-04 01:44:34,41.052,39.2284,49.89,89,100,12.19
397,Gold Coast,AU,2022-02-04 01:41:43,-28.0,153.4333,84.16,67,40,11.01
398,Auki,SB,2022-02-04 01:44:06,-8.7676,160.7034,76.3,95,100,9.08
399,Port-Gentil,GA,2022-02-04 01:44:35,-0.7193,8.7815,79.66,79,100,6.8
400,Poum,NC,2022-02-04 01:43:15,-20.2333,164.0167,82.51,84,84,15.39
401,Kalemie,CD,2022-02-04 01:44:35,-5.9475,29.1947,68.97,91,100,8.05
402,Carnot,CF,2022-02-04 01:44:35,4.9409,15.8665,65.03,33,27,3.02
403,Urusha,RU,2022-02-04 01:44:36,54.05,122.9,1.0,62,78,7.34
404,Darab,IR,2022-02-04 01:44:36,28.7519,54.5444,49.84,26,0,0.22
405,Yushu,CN,2022-02-04 01:44:27,44.8,126.5333,2.53,83,91,5.61
406,Novokayakent,RU,2022-02-04 01:44:37,42.3937,47.9861,35.65,83,100,3.2
407,Kuandian,CN,2022-02-04 01:44:37,40.7286,124.7847,12.11,48,0,8.48
408,Sorong,ID,2022-02-04 01:44:37,-0.8833,131.25,84.27,72,78,8.66
409,Manaure,CO,2022-02-04 01:44:38,11.7751,-72.4445,78.37,79,3,18.54
410,Wajima,JP,2022-02-04 01:44:38,37.4,136.9,32.68,100,75,1.14
411,Ternate,ID,2022-02-04 01:44:38,0.8,127.4,83.28,70,100,3.56
412,Banda Aceh,ID,2022-02-04 01:45:39,5.5577,95.3222,81.25,73,63,8.57
413,Narsaq,GL,2022-02-04 01:45:39,60.9167,-46.05,26.82,97,100,7.7
414,Puyang,CN,2022-02-04 01:45:39,29.4603,119.8861,38.59,96,100,2.75
415,Dauriya,RU,2022-02-04 01:45:40,49.9333,116.8667,-14.19,94,43,3.51
416,Ixtapa,MX,2022-02-04 01:45:40,20.7,-105.2,74.43,64,75,8.05
417,Katobu,ID,2022-02-04 01:45:40,-4.9408,122.5276,86.27,62,90,7.78
418,Cap-Aux-Meules,CA,2022-02-04 01:45:41,47.3821,-61.8597,26.65,93,100,21.85
419,Ponta Delgada,PT,2022-02-04 01:45:41,37.7333,-25.6667,60.49,77,20,12.66
420,Yaritagua,VE,2022-02-04 01:45:41,10.08,-69.1261,71.51,90,71,5.06
421,Mamallapuram,IN,2022-02-04 01:45:42,12.6264,80.1722,75.25,76,7,6.15
422,Pincher Creek,CA,2022-02-04 01:45:42,49.4833,-113.952,8.96,82,0,9.22
423,Wabag,PG,2022-02-04 01:45:43,-5.4781,143.7021,70.02,56,100,4.25
424,Namatanai,PG,2022-02-04 01:45:43,-3.6667,152.4333,84.51,68,90,10.83
425,Takoradi,GH,2022-02-04 01:45:43,4.8845,-1.7554,78.64,84,4,6.4
426,Muzhi,RU,2022-02-04 01:45:44,65.3667,64.6667,-2.97,98,100,3.18
427,Saurimo,AO,2022-02-04 01:45:44,-9.6608,20.3916,62.76,99,100,3.27
428,Tairua,NZ,2022-02-04 01:45:44,-37.0167,175.85,75.09,64,1,11.81
429,Foz Do Iguacu,BR,2022-02-04 01:43:04,-25.5478,-54.5881,77.92,94,75,5.75
430,Ayan,RU,2022-02-04 01:45:45,56.45,138.1667,-2.52,68,95,14.7
431,Atar,MR,2022-02-04 01:44:28,20.5169,-13.0499,66.88,15,0,7.61
432,Maiduguri,NG,2022-02-04 01:45:45,11.8464,13.1603,61.25,40,54,8.66
433,Amla,IN,2022-02-04 01:45:46,21.9333,78.1167,51.8,53,1,3.47
434,Iquique,CL,2022-02-04 01:45:23,-20.2208,-70.1431,68.04,75,46,1.12
435,Cao Bang,VN,2022-02-04 01:42:11,22.6667,106.25,53.38,71,67,1.14
436,Lata,PT,2022-02-04 01:45:46,40.1629,-8.3327,49.08,95,98,1.28
437,Tateyama,JP,2022-02-04 01:45:46,34.9833,139.8667,47.14,60,100,8.88
438,Yaan,NG,2022-02-04 01:45:47,7.3833,8.5667,77.9,13,13,9.08
439,Angoche,MZ,2022-02-04 01:42:26,-16.2325,39.9086,74.68,90,100,5.59
440,Yar-Sale,RU,2022-02-04 01:44:27,66.8333,70.8333,-4.23,99,99,5.35
441,Santa Cruz Cabralia,BR,2022-02-04 01:45:47,-16.2781,-39.0247,80.83,83,20,8.05
442,Malanje,AO,2022-02-04 01:45:48,-9.5402,16.341,62.51,92,100,1.48
443,Kribi,CM,2022-02-04 01:45:48,2.95,9.9167,78.71,80,100,4.74
444,Vicuna,CL,2022-02-04 01:45:49,-30.0319,-70.7081,71.76,65,1,2.06
445,Padang,ID,2022-02-04 01:45:49,-0.9492,100.3543,77.05,73,92,1.66
446,Bilibino,RU,2022-02-04 01:45:49,68.0546,166.4372,-3.51,68,0,3.67
447,Puerto Escondido,MX,2022-02-04 01:45:50,15.85,-97.0667,79.63,73,0,0.0
448,Tecoanapa,MX,2022-02-04 01:44:08,16.5167,-98.75,75.83,69,0,5.23
449,Suleja,NG,2022-02-04 01:45:50,9.1758,7.1808,73.17,14,12,7.25
450,San Ramon,US,2022-02-04 01:45:51,37.7799,-121.978,58.59,51,0,10.36
451,Zabol,AF,2022-02-04 01:45:51,32.25,67.25,29.86,64,0,5.82
452,Rivadavia,AR,2022-02-04 01:45:51,-33.1905,-68.4608,73.87,58,31,16.62
453,Dudinka,RU,2022-02-04 01:45:52,69.4058,86.1778,-21.91,100,65,4.0
454,Inverell,AU,2022-02-04 01:45:52,-29.7833,151.1167,79.66,53,14,8.01
455,Pilibhit,IN,2022-02-04 01:45:52,28.6333,79.8,53.04,94,100,10.0
456,Drezdenko,PL,2022-02-04 01:45:53,52.8383,15.8308,45.64,97,100,6.58
457,Tura,IN,2022-02-04 01:43:01,25.5198,90.2201,60.22,69,100,1.63
458,Sabang,ID,2022-02-04 01:46:53,5.8933,95.3214,82.29,71,87,14.03
459,Brae,GB,2022-02-04 01:46:54,60.3964,-1.353,39.11,51,100,30.0
460,Leh,IN,2022-02-04 01:46:54,34.1667,77.5833,3.38,97,100,1.79
461,Dunedin,NZ,2022-02-04 01:44:17,-45.8742,170.5036,50.7,95,100,4.7
462,Port Blair,IN,2022-02-04 01:46:54,11.6667,92.75,77.41,72,12,7.31
463,Hasaki,JP,2022-02-04 01:46:55,35.7333,140.8333,43.29,55,100,9.55
464,Athabasca,CA,2022-02-04 01:46:06,54.7169,-113.2854,-9.58,92,100,4.85
465,Parrita,CR,2022-02-04 01:46:55,9.5201,-84.3225,82.17,79,1,2.06
466,Dhariwal,IN,2022-02-04 01:46:56,31.9542,75.3192,42.39,96,100,1.74
467,Cozumel,MX,2022-02-04 01:46:56,20.5083,-86.9458,78.78,86,0,1.01
468,Niquero,CU,2022-02-04 01:46:56,20.0431,-77.5828,76.05,79,38,9.82
469,Partizansk,RU,2022-02-04 01:46:57,43.1258,133.1339,11.71,51,51,8.3
470,Monrovia,LR,2022-02-04 01:45:17,6.3005,-10.7969,77.99,86,4,4.74
471,Bandarbeyla,SO,2022-02-04 01:46:57,9.4942,50.8122,72.34,72,6,12.33
472,Kimbe,PG,2022-02-04 01:46:57,-5.5502,150.1429,85.48,67,100,10.8
473,Cervo,ES,2022-02-04 01:46:58,43.6702,-7.4101,52.2,80,100,7.58
474,Ugoofaaru,MV,2022-02-04 01:46:58,5.6667,73.0,80.65,74,74,8.7
475,Sungairaya,ID,2022-02-04 01:46:58,0.7,108.9,81.19,78,99,3.2
476,Jalu,LY,2022-02-04 01:46:59,29.0331,21.5482,50.16,60,6,12.62
477,Pavlodar,KZ,2022-02-04 01:45:28,52.3,76.95,-7.8,84,0,6.71
478,Kajaani,FI,2022-02-04 01:47:00,64.2273,27.7285,-2.15,84,100,2.3
479,Pringsewu,ID,2022-02-04 01:47:00,-5.3582,104.9744,79.72,84,80,3.47
480,Gasa,PS,2022-02-04 01:47:01,31.5,34.4667,51.91,63,3,16.28
481,Margate,GB,2022-02-04 01:47:01,51.3813,1.3862,48.96,83,100,20.92
482,Tucurui,BR,2022-02-04 01:47:02,-3.7661,-49.6725,73.67,97,100,3.8
483,Kimberley,ZA,2022-02-04 01:47:02,-28.7323,24.7623,60.49,94,70,1.14
484,Moron,AR,2022-02-04 01:45:10,-34.6534,-58.6198,73.98,87,0,4.61
485,Honiara,SB,2022-02-04 01:47:02,-9.4333,159.95,77.85,96,100,15.1
486,Ibi,ES,2022-02-04 01:45:10,38.6253,-0.5723,54.01,46,8,6.06
487,Marzuq,YE,2022-02-04 01:47:03,14.4,46.4667,58.24,31,4,2.42
488,Korla,CN,2022-02-04 01:47:03,41.7597,86.1469,25.11,45,100,6.87
489,Kitgum,UG,2022-02-04 01:47:04,3.2783,32.8867,71.65,48,84,2.42
490,Duncan,US,2022-02-04 01:47:04,34.5023,-97.9578,16.36,75,100,19.57
491,Cherskiy,RU,2022-02-04 01:47:04,68.75,161.3,-28.08,98,21,3.65
492,Somerset West,ZA,2022-02-04 01:47:05,-34.084,18.8211,62.22,77,33,7.0
493,Inirida,CO,2022-02-04 01:47:05,3.8653,-67.9239,73.35,90,47,1.39
494,Sao Felix Do Xingu,BR,2022-02-04 01:47:05,-6.6447,-51.995,71.56,92,5,1.68
495,Plavsk,RU,2022-02-04 01:47:06,53.7094,37.2919,6.53,97,99,3.29
496,Akdepe,TM,2022-02-04 01:47:06,42.0551,59.3788,33.89,63,100,15.68
497,Kisangani,CD,2022-02-04 01:47:06,0.5167,25.2,69.33,91,100,1.99
498,Harper,LR,2022-02-04 01:45:49,4.375,-7.7169,77.81,84,13,3.56
499,Borba,BR,2022-02-04 01:47:07,-4.3878,-59.5939,73.24,97,47,1.45
500,Lagos,NG,2022-02-04 01:47:07,6.5833,3.75,74.64,93,5,1.52
501,Ouadda,CF,2022-02-04 01:47:08,8.0777,22.4007,67.8,24,52,5.46
502,Ravar,IR,2022-02-04 01:47:08,31.2656,56.8055,47.08,27,0,1.95
503,Luqiao,CN,2022-02-04 01:47:08,28.5808,121.3772,45.01,81,93,9.31
504,Saint Anthony,US,2022-02-04 01:47:09,45.0205,-93.218,1.29,63,0,1.99
505,Amet,IN,2022-02-04 01:48:09,25.3,73.9333,51.42,43,0,4.41
506,Urengoy,RU,2022-02-04 01:48:09,65.9667,78.3667,4.73,97,100,5.57
507,Petauke,ZM,2022-02-04 01:48:10,-14.2426,31.3253,65.52,95,95,2.01
508,Antsohihy,MG,2022-02-04 01:48:10,-14.8796,47.9875,72.41,98,100,3.13
509,Macau,MO,2022-02-04 01:48:11,22.2006,113.5461,58.06,76,40,20.71
510,Ostrovnoy,RU,2022-02-04 01:48:11,68.0531,39.5131,14.11,94,100,3.91
511,Sibolga,ID,2022-02-04 01:48:11,1.7427,98.7792,79.65,77,49,1.14
512,Nouadhibou,MR,2022-02-04 01:46:29,20.931,-17.0347,73.38,33,5,10.36
513,Chumikan,RU,2022-02-04 01:48:12,54.7183,135.315,0.52,82,100,15.52
514,Ossora,RU,2022-02-04 01:48:12,59.2353,163.0719,15.06,81,100,9.91
515,Lieksa,FI,2022-02-04 01:48:13,63.3167,30.0167,-0.85,100,94,3.56
516,Paita,PE,2022-02-04 01:48:13,-5.0892,-81.1144,72.09,81,41,15.26
517,Golyshmanovo,RU,2022-02-04 01:48:13,56.3979,68.3728,23.86,86,100,16.53
518,Bambous Virieux,MU,2022-02-04 01:45:32,-20.3428,57.7575,80.85,89,75,25.32
519,Egvekinot,RU,2022-02-04 01:48:14,66.3167,-179.1667,-6.97,75,1,18.88
520,Rio Rancho,US,2022-02-04 01:43:48,35.2334,-106.6645,22.96,65,0,1.01
521,Mhlambanyatsi,SZ,2022-02-04 01:47:27,-26.45,31.0167,64.72,99,99,0.78
522,Bangassou,CF,2022-02-04 01:48:15,4.7413,22.8184,75.72,31,100,0.74
523,Kasongo-Lunda,CD,2022-02-04 01:48:15,-6.4667,16.8167,69.3,98,100,0.78
524,Pangnirtung,CA,2022-02-04 01:48:15,66.1451,-65.7125,-13.38,99,100,4.59
525,Doha,QA,2022-02-04 01:45:49,25.2867,51.5333,60.78,85,0,0.0
526,Steinkjer,NO,2022-02-04 01:48:16,64.193,11.3851,26.51,79,100,11.5
527,Hambantota,LK,2022-02-04 01:48:16,6.1241,81.1185,70.14,100,20,1.14
528,Cumra,TR,2022-02-04 01:48:17,37.5732,32.7745,33.94,97,100,6.89
529,Yumen,CN,2022-02-04 01:44:26,40.2833,97.2,15.01,35,79,9.51
530,Rock Sound,BS,2022-02-04 01:48:17,24.9,-76.2,74.37,63,64,18.45
531,Manado,ID,2022-02-04 01:48:17,1.487,124.8455,79.57,89,40,3.44
532,Nuevo Casas Grandes,MX,2022-02-04 01:48:18,30.4167,-107.9167,34.75,63,0,1.99
533,Sao Joao Da Barra,BR,2022-02-04 01:47:38,-21.6403,-41.0511,73.78,96,97,5.79
534,Flin Flon,CA,2022-02-04 01:48:18,54.7682,-101.865,-17.39,96,42,5.32
535,Bad Berleburg,DE,2022-02-04 01:48:19,51.05,8.4,39.42,95,100,8.68
536,Praia Da Vitoria,PT,2022-02-04 01:48:19,38.7333,-27.0667,57.45,88,20,13.2
537,Buin,CL,2022-02-04 01:44:10,-33.7333,-70.75,71.87,68,0,3.42
538,Coxim,BR,2022-02-04 01:47:17,-18.5067,-54.76,76.01,89,100,3.49
539,Plettenberg Bay,ZA,2022-02-04 01:48:20,-34.0527,23.3716,63.77,81,100,6.33
540,Conceicao Do Araguaia,BR,2022-02-04 01:48:20,-8.2578,-49.2647,73.83,93,55,3.15
541,Long,TH,2022-02-04 01:48:20,18.0761,99.8326,76.93,60,32,1.7
542,Komsomolskiy,UZ,2022-02-04 01:48:11,40.4272,71.7189,31.42,86,2,4.61
543,Kidal,ML,2022-02-04 01:48:21,18.4411,1.4078,58.41,16,0,14.92
544,Urla,TR,2022-02-04 01:48:21,38.3229,26.764,47.21,75,32,24.99
545,Ogbomosho,NG,2022-02-04 01:48:22,8.133,4.25,72.12,26,0,0.81
546,Nizhneangarsk,RU,2022-02-04 01:48:22,55.7833,109.55,-3.95,94,100,2.3
547,Rio Claro,BR,2022-02-04 01:48:22,-22.4114,-47.5614,73.4,95,99,1.68
548,Broken Hill,AU,2022-02-04 01:48:23,-31.95,141.4333,69.51,35,0,17.27
549,Kloulklubed,PW,2022-02-04 01:46:08,7.0419,134.2556,84.7,76,30,22.15
550,Nuuk,GL,2022-02-04 01:48:07,64.1835,-51.7216,14.61,79,75,5.75
